{"skeleton":{"hash":"DBImV1u0JFk3N/5Wsuu2/0R/pGY","spine":"3.8.99","x":-63.5,"y":-90.5,"width":127,"height":181,"fps":60,"images":"./images/","audio":""},"bones":[{"name":"root"},{"name":"bone","parent":"root","length":152.13,"rotation":90,"y":-72.11}],"slots":[{"name":"box","bone":"root","attachment":"box"},{"name":"box_1","bone":"bone","attachment":"box_1"}],"skins":[{"name":"default","attachments":{"box":{"box":{"width":127,"height":181}},"box_1":{"box_1":{"x":72.11,"rotation":-90,"width":127,"height":161}}}}],"animations":{"a1":{"slots":{"box":{"attachment":[{"name":null}]},"box_1":{"attachment":[{"time":0.3333,"name":"box_1"}]}}},"a2":{"slots":{"box":{"attachment":[{"name":null}]}},"bones":{"bone":{"translate":[{"curve":0.29,"c3":0.629,"c4":0.38},{"time":0.3333,"y":0.77,"curve":0.33,"c2":0.32,"c3":0.663,"c4":0.65},{"time":0.5,"y":8.27,"curve":0.33,"c2":0.32,"c3":0.664,"c4":0.65},{"time":0.6667,"y":2.29,"curve":0.33,"c2":0.32,"c3":0.664,"c4":0.66},{"time":0.8333,"y":15.39,"curve":0.331,"c2":0.32,"c3":0.664,"c4":0.66},{"time":1,"y":4,"curve":0.337,"c2":0.35,"c3":0.675,"c4":0.69},{"time":2}],"scale":[{"curve":0.29,"c3":0.629,"c4":0.38},{"time":0.3333,"x":1.008,"y":1.008,"curve":0.332,"c2":0.33,"c3":0.665,"c4":0.66},{"time":0.5,"x":1.135,"y":1.135,"curve":0.332,"c2":0.33,"c3":0.665,"c4":0.66},{"time":0.6667,"x":1.023,"y":1.023,"curve":0.332,"c2":0.33,"c3":0.665,"c4":0.66},{"time":0.8333,"x":1.171,"y":1.171,"curve":0.332,"c2":0.33,"c3":0.665,"c4":0.66},{"time":1,"x":1.04,"y":1.04,"curve":0.337,"c2":0.35,"c3":0.675,"c4":0.69},{"time":2}]}}},"a3":{"slots":{"box_1":{"attachment":[{"name":null},{"time":0.3333,"name":null}]}}}}}