{"skeleton":{"hash":"657q3KCRAteK7I33z2KcO9aj1ns","spine":"3.8.99","x":-65,"y":-90.5,"width":130,"height":181,"fps":60,"images":"./images/","audio":""},"bones":[{"name":"root"},{"name":"bone","parent":"root","length":136.96,"rotation":90,"y":-68.11}],"slots":[{"name":"hearts","bone":"root","attachment":"hearts"},{"name":"hearts_1","bone":"bone","attachment":"hearts_1"}],"skins":[{"name":"default","attachments":{"hearts":{"hearts":{"width":130,"height":181}},"hearts_1":{"hearts_1":{"x":68.11,"rotation":-90,"width":130,"height":161}}}}],"animations":{"a1":{"slots":{"hearts":{"attachment":[{"name":null}]},"hearts_1":{"attachment":[{"time":0.3333,"name":"hearts_1"}]}}},"a2":{"slots":{"hearts":{"attachment":[{"name":null}]}},"bones":{"bone":{"translate":[{"curve":0.25,"c3":0.75},{"time":1,"y":6,"curve":0.25,"c3":0.75},{"time":2}],"scale":[{"time":0.3333,"curve":0.25,"c3":0.75},{"time":0.5,"x":1.1,"y":1.1,"curve":0.25,"c3":0.75},{"time":0.6667,"curve":"stepped"},{"time":0.8333,"curve":0.25,"c3":0.75},{"time":1,"x":1.1,"y":1.1,"curve":0.25,"c3":0.75},{"time":1.1667}]}}},"a3":{"slots":{"hearts_1":{"attachment":[{"name":null},{"time":0.3333,"name":null}]}}}}}