{"skeleton":{"hash":"VCMaFacdfF6AkfpGPmZ/Z7va9MM","spine":"3.8.99","x":-76.5,"y":-88.5,"width":153,"height":177,"fps":60,"images":"./images/","audio":""},"bones":[{"name":"root"},{"name":"bone","parent":"root","length":137.36,"rotation":90,"x":-0.32,"y":-66.13}],"slots":[{"name":"hourglass_a","bone":"bone","attachment":"hourglass_a"},{"name":"hourglass","bone":"root"}],"skins":[{"name":"default","attachments":{"hourglass":{"hourglass":{"width":153,"height":197}},"hourglass_a":{"hourglass_a":{"x":66.13,"y":-0.32,"rotation":-90,"width":153,"height":177}}}}],"animations":{"a1":{"slots":{"hourglass_a":{"attachment":[{"time":0.3333,"name":"hourglass_a"}]}}},"a2":{"bones":{"bone":{"translate":[{"curve":0.25,"c3":0.75},{"time":0.25,"x":0.53,"y":0.34,"curve":0.25,"c3":0.75},{"time":0.3333,"x":0.88,"y":4.56,"curve":0.25,"c3":0.75},{"time":0.4167,"x":1.33,"y":0.85,"curve":0.25,"c3":0.75},{"time":0.5167,"x":1.95,"y":5.25,"curve":0.25,"c3":0.75},{"time":0.6,"x":2.55,"y":1.63,"curve":0.25,"c3":0.75},{"time":1,"x":6.27,"y":4,"curve":0.25,"c3":0.75},{"time":1.3167,"x":4.62,"y":2.95,"curve":0.25,"c3":0.75},{"time":1.4,"x":3.97,"y":13.4,"curve":0.25,"c3":0.75},{"time":1.4833,"x":3.28,"y":2.09,"curve":0.25,"c3":0.75},{"time":1.5833,"x":2.45,"y":9.51,"curve":0.25,"c3":0.75},{"time":1.6667,"x":1.79,"y":1.14,"curve":0.25,"c3":0.75},{"time":2}],"scale":[{"time":0.1,"curve":0.25,"c3":0.75},{"time":0.25,"x":0.98,"curve":0.25,"c3":0.75},{"time":0.3333,"x":1.04,"curve":0.25,"c3":0.75},{"time":0.4167,"x":0.96,"curve":0.25,"c3":0.75},{"time":0.5167,"x":1.06,"curve":0.25,"c3":0.75},{"time":0.6,"x":0.96,"curve":0.25,"c3":0.75},{"time":0.7333,"curve":"stepped"},{"time":1.1667,"curve":0.25,"c3":0.75},{"time":1.3167,"x":0.98,"curve":0.25,"c3":0.75},{"time":1.4,"x":1.04,"curve":0.25,"c3":0.75},{"time":1.4833,"x":0.96,"curve":0.25,"c3":0.75},{"time":1.5833,"x":1.06,"curve":0.25,"c3":0.75},{"time":1.6667,"x":0.96,"curve":0.25,"c3":0.75},{"time":1.8}],"shear":[{"curve":0.25,"c3":0.75},{"time":1,"x":6,"y":3.6,"curve":0.25,"c3":0.75},{"time":2}]}}},"a3":{"slots":{"hourglass":{"attachment":[{"name":"hourglass"}]},"hourglass_a":{"attachment":[{"name":null},{"time":0.3333,"name":null}]}}}}}