{"skeleton":{"hash":"g8mOboa3j5OmcjtkgU6PzI5h6PU","spine":"3.8.99","x":-75,"y":-73.5,"width":150,"height":147,"fps":60,"images":"./images/","audio":""},"bones":[{"name":"root"},{"name":"bone","parent":"root","length":105.55,"rotation":90,"x":0.35,"y":-47.73}],"slots":[{"name":"leaf_g","bone":"bone","attachment":"leaf_g"},{"name":"leaf","bone":"root"}],"skins":[{"name":"default","attachments":{"leaf":{"leaf":{"width":150,"height":167}},"leaf_g":{"leaf_g":{"x":47.73,"y":0.35,"rotation":-90,"width":150,"height":147}}}}],"animations":{"a1":{"slots":{"leaf_g":{"attachment":[{"time":0.3333,"name":"leaf_g"}]}}},"a2":{"bones":{"bone":{"translate":[{"curve":0.25,"c3":0.75},{"time":0.3333,"y":1.53,"curve":0.25,"c3":0.75},{"time":0.5,"y":-3.12,"curve":0.25,"c3":0.75},{"time":0.6667,"y":4.47,"curve":0.25,"c3":0.75},{"time":1,"y":8,"curve":0.25,"c3":0.75},{"time":1.4333,"y":1.53,"curve":0.25,"c3":0.75},{"time":1.6,"y":-3.12,"curve":0.25,"c3":0.75},{"time":1.7667,"y":4.47,"curve":0.25,"c3":0.75},{"time":2}],"scale":[{"time":0.3333,"curve":0.25,"c3":0.75},{"time":0.5,"x":1.04,"y":1.04,"curve":0.25,"c3":0.75},{"time":0.6667,"curve":"stepped"},{"time":1.4333,"curve":0.25,"c3":0.75},{"time":1.6,"x":1.04,"y":1.04,"curve":0.25,"c3":0.75},{"time":1.7667}]}}},"a3":{"slots":{"leaf":{"attachment":[{"name":"leaf"}]},"leaf_g":{"attachment":[{"name":null},{"time":0.3333,"name":null}]}}}}}