{"skeleton":{"hash":"Zw06twNm18+UO2iYWIH+kplAaBg","spine":"3.8.99","x":-84.5,"y":-98.5,"width":169.1,"height":198.56,"fps":60,"images":"./images/","audio":""},"bones":[{"name":"root"},{"name":"magic","parent":"root","y":-68.07},{"name":"magic_ball_b","parent":"magic","y":68.07}],"slots":[{"name":"magic_ball_b","bone":"magic_ball_b","attachment":"magic_ball_b"},{"name":"magic_ball","bone":"root","attachment":"magic_ball"}],"skins":[{"name":"default","attachments":{"magic_ball":{"magic_ball":{"width":169,"height":197}},"magic_ball_b":{"magic_ball_b":{"x":0.1,"y":11.56,"width":169,"height":177}}}}],"animations":{"a1":{"slots":{"magic_ball":{"attachment":[{"name":null}]},"magic_ball_b":{"attachment":[{"time":0.3333,"name":"magic_ball_b"}]}}},"a2":{"slots":{"magic_ball":{"attachment":[{"name":null}]}},"bones":{"magic_ball_b":{"translate":[{"curve":0.25,"c3":0.625,"c4":0.5},{"time":0.5,"y":-2,"curve":0.338,"c2":0.35,"c3":0.675,"c4":0.69},{"time":0.6667,"y":-10.88,"curve":0.351,"c2":0.4,"c3":0.689,"c4":0.75},{"time":0.8333,"y":-3.62,"curve":0.371,"c2":0.63,"c3":0.71},{"time":1,"y":-4,"curve":0.25,"c3":0.75},{"time":2}],"scale":[{"curve":0.25,"c3":0.625,"c4":0.5},{"time":0.5,"x":0.97,"y":0.97,"curve":0.338,"c2":0.35,"c3":0.675,"c4":0.69},{"time":0.6667,"x":1.057,"y":1.057,"curve":0.351,"c2":0.4,"c3":0.689,"c4":0.75},{"time":0.8333,"x":0.946,"y":0.946,"curve":0.371,"c2":0.63,"c3":0.71},{"time":1,"x":0.94,"y":0.94,"curve":0.25,"c3":0.75},{"time":2}]},"magic":{"translate":[{"curve":0.25,"c3":0.75},{"time":1,"y":8,"curve":0.25,"c3":0.75},{"time":2}]}}},"a3":{"slots":{"magic_ball_b":{"attachment":[{"name":null},{"time":0.3333,"name":null}]}}}}}