{"skeleton":{"hash":"F06aTHic3Xi0ae1/tTV4zPQ1Ano","spine":"3.8.99","x":-78.16,"y":-85.83,"width":157,"height":172,"fps":60,"images":"./images/","audio":"D:/1334_魔法题材/1334最新文件-魔法题材/icon"},"bones":[{"name":"root"},{"name":"bone","parent":"root","length":134.66,"rotation":90,"y":-59.28}],"slots":[{"name":"magician_4","bone":"bone","attachment":"magician_4"},{"name":"magician","bone":"root"}],"skins":[{"name":"default","attachments":{"magician":{"magician":{"width":157,"height":192}},"magician_4":{"magician_4":{"x":59.45,"y":-0.34,"rotation":-90,"width":157,"height":172}}}}],"animations":{"a1":{},"a2":{"bones":{"bone":{"translate":[{"curve":0.25,"c3":0.75},{"time":0.3333,"y":0.38,"curve":0.25,"c3":0.75},{"time":0.4833,"y":-3.35,"curve":0.25,"c3":0.75},{"time":0.6167,"y":0.99,"curve":0.25,"c3":0.75},{"time":1,"y":2,"curve":0.25,"c3":0.75},{"time":1.3333,"y":1.13,"curve":0.25,"c3":0.75},{"time":1.45,"y":-3.12,"curve":0.25,"c3":0.75},{"time":1.5833,"y":0.54,"curve":0.25,"c3":0.75},{"time":2}],"scale":[{"curve":0.265,"c3":0.618,"c4":0.43},{"time":0.3333,"x":1.006,"y":1.006,"curve":0.325,"c2":0.31,"c3":0.662,"c4":0.65},{"time":0.4833,"x":1.07,"y":1.07,"curve":0.335,"c2":0.34,"c3":0.671,"c4":0.68},{"time":0.6167,"x":1.013,"y":1.013,"curve":0.382,"c2":0.55,"c3":0.741},{"time":1,"x":1.02,"y":1.02,"curve":0.265,"c3":0.618,"c4":0.43},{"time":1.3333,"x":1.014,"y":1.014,"curve":0.327,"c2":0.31,"c3":0.662,"c4":0.65},{"time":1.45,"x":1.051,"y":1.051,"curve":0.333,"c2":0.33,"c3":0.669,"c4":0.67},{"time":1.5833,"x":1.008,"y":1.008,"curve":0.381,"c2":0.54,"c3":0.744},{"time":2}]}}},"a3":{"slots":{"magician":{"attachment":[{"name":"magician"},{"time":0.3333,"name":"magician"}]},"magician_4":{"attachment":[{"name":null}]}}}}}