{"skeleton":{"hash":"5dcbxaiTCPvVY8xQBXJgeJWp0v4","spine":"3.8.99","x":-84.5,"y":-88,"width":169,"height":176,"fps":60,"images":"./images/","audio":""},"bones":[{"name":"root"},{"name":"bone","parent":"root","length":81.32,"rotation":90,"x":-2.81,"y":-59.53}],"slots":[{"name":"magic_bottle_a","bone":"bone","attachment":"magic_bottle_a"},{"name":"magic_bottle","bone":"root"}],"skins":[{"name":"default","attachments":{"magic_bottle":{"magic_bottle":{"width":169,"height":196}},"magic_bottle_a":{"magic_bottle_a":{"x":59.53,"y":-2.81,"rotation":-90,"width":169,"height":176}}}}],"animations":{"a1":{"slots":{"magic_bottle_a":{"attachment":[{"time":0.3333,"name":"magic_bottle_a"}]}}},"a2":{"bones":{"bone":{"translate":[{"curve":0.25,"c3":0.75},{"time":1,"y":10,"curve":0.273,"c3":0.62,"c4":0.41},{"time":1.15,"y":7.97,"curve":0.25,"c3":0.75},{"time":1.3167,"y":13.19,"curve":0.25,"c3":0.75},{"time":1.4667,"y":6.35,"curve":0.25,"c3":0.75},{"time":1.6333,"y":9.47,"curve":0.25,"c3":0.75},{"time":1.7833,"y":4.36,"curve":0.25,"c3":0.75},{"time":2}],"scale":[{"time":1.0667,"curve":0.25,"c3":0.75},{"time":1.15,"x":0.96,"curve":0.25,"c3":0.75},{"time":1.3167,"x":1.04,"curve":0.25,"c3":0.75},{"time":1.4667,"x":0.96,"curve":0.25,"c3":0.75},{"time":1.6333,"x":1.049,"curve":0.25,"c3":0.75},{"time":1.7833,"x":0.96,"curve":0.25,"c3":0.75},{"time":1.9}]}}},"a3":{"slots":{"magic_bottle":{"attachment":[{"name":"magic_bottle"}]},"magic_bottle_a":{"attachment":[{"name":null},{"time":0.3333,"name":null}]}}}}}