{"skeleton":{"hash":"IXlrj4+1YAmL/p5NNdJp81VlVvw","spine":"3.8.99","x":-86.17,"y":-84.18,"width":172,"height":171,"fps":60,"images":"./images/","audio":""},"bones":[{"name":"root","y":0.39},{"name":"bone","parent":"root","length":144.04,"rotation":90,"y":-61.45}],"slots":[{"name":"phoenix_a","bone":"bone","attachment":"phoenix_a"},{"name":"phoenix","bone":"root"}],"skins":[{"name":"default","attachments":{"phoenix":{"phoenix":{"width":172,"height":189}},"phoenix_a":{"phoenix_a":{"x":62.37,"y":0.17,"rotation":-90,"width":172,"height":171}}}}],"animations":{"a1":{"slots":{"phoenix":{"attachment":[{"time":0.3333,"name":null}]}}},"a2":{"bones":{"bone":{"translate":[{"curve":0.25,"c3":0.75},{"time":0.5,"y":1,"curve":0.25,"c3":0.75},{"time":0.6333,"y":-2.65,"curve":0.25,"c3":0.75},{"time":0.7667,"y":1.67,"curve":0.25,"c3":0.75},{"time":1,"y":2,"curve":0.25,"c3":0.75},{"time":1.1667,"y":1.81,"curve":0.25,"c3":0.75},{"time":1.3,"y":-2.47,"curve":0.25,"c3":0.75},{"time":1.4333,"y":1.19,"curve":0.25,"c3":0.75},{"time":2}],"scale":[{"curve":0.25,"c3":0.625,"c4":0.5},{"time":0.5,"x":1.01,"y":1.01,"curve":0.336,"c2":0.34,"c3":0.672,"c4":0.68},{"time":0.6333,"x":1.053,"y":1.053,"curve":0.344,"c2":0.37,"c3":0.681,"c4":0.71},{"time":0.7667,"x":1.017,"y":1.017,"curve":0.378,"c2":0.61,"c3":0.722},{"time":1,"x":1.02,"y":1.02,"curve":0.29,"c3":0.629,"c4":0.38},{"time":1.1667,"x":1.018,"y":1.018,"curve":0.314,"c2":0.26,"c3":0.651,"c4":0.61},{"time":1.3,"x":1.075,"y":1.075,"curve":0.324,"c2":0.3,"c3":0.66,"c4":0.65},{"time":1.4333,"x":1.012,"y":1.012,"curve":0.367,"c2":0.46,"c3":0.754},{"time":2}]}}},"a3":{"slots":{"phoenix":{"attachment":[{"name":"phoenix"}]},"phoenix_a":{"attachment":[{"name":null},{"time":0.3333,"name":null}]}}}}}