{"skeleton":{"hash":"YpGFDhbWEY+uAyFFSwET7DNm27Y","spine":"3.8.99","x":-73,"y":-88.5,"width":146,"height":177,"fps":60,"images":"./images/","audio":""},"bones":[{"name":"root"},{"name":"bone","parent":"root","length":134.85,"rotation":90,"y":-67.74}],"slots":[{"name":"plum_bossom","bone":"root","attachment":"plum_bossom"},{"name":"plum_bossom_a","bone":"bone","attachment":"plum_bossom_a"}],"skins":[{"name":"default","attachments":{"plum_bossom":{"plum_bossom":{"width":146,"height":177}},"plum_bossom_a":{"plum_bossom_a":{"x":67.74,"rotation":-90,"width":146,"height":157}}}}],"animations":{"a1":{"slots":{"plum_bossom":{"attachment":[{"name":null}]},"plum_bossom_a":{"attachment":[{"time":0.3333,"name":"plum_bossom_a"}]}}},"a2":{"slots":{"plum_bossom":{"attachment":[{"name":null}]}},"bones":{"bone":{"translate":[{"curve":0.25,"c3":0.75},{"time":1,"y":6,"curve":0.25,"c3":0.75},{"time":2}],"scale":[{"time":0.5,"curve":0.25,"c3":0.75},{"time":0.6667,"x":1.12,"y":1.12,"curve":0.25,"c3":0.75},{"time":0.8333,"curve":"stepped"},{"time":1,"curve":0.25,"c3":0.75},{"time":1.1667,"x":1.12,"y":1.12,"curve":0.25,"c3":0.75},{"time":1.3333}]}}},"a3":{"slots":{"plum_bossom":{"attachment":[{"time":0.3333,"name":"plum_bossom"}]},"plum_bossom_a":{"attachment":[{"name":null}]}}}}}