{"skeleton":{"hash":"d5GdRqMqRCpV9sveHOJAyJSPkM4","spine":"3.8.99","x":-85,"y":-88.5,"width":170,"height":177,"fps":60,"images":"./images/","audio":""},"bones":[{"name":"root"},{"name":"bone","parent":"root","length":91.56,"rotation":90,"y":-70.88}],"slots":[{"name":"reel_b","bone":"bone","attachment":"reel_b"},{"name":"reel","bone":"root"}],"skins":[{"name":"default","attachments":{"reel":{"reel":{"width":170,"height":197}},"reel_b":{"reel_b":{"x":70.88,"rotation":-90,"width":170,"height":177}}}}],"animations":{"a1":{"slots":{"reel_b":{"attachment":[{"time":0.3333,"name":"reel_b"}]}}},"a2":{"bones":{"bone":{"translate":[{"curve":0.25,"c3":0.75},{"time":1,"y":6,"curve":0.25,"c3":0.75},{"time":2}],"scale":[{"curve":0.25,"c3":0.75},{"time":0.5,"x":1.01,"y":1.01,"curve":0.25,"c3":0.75},{"time":0.6667,"x":1.094,"y":1.094,"curve":0.25,"c3":0.75},{"time":0.8333,"x":1.018,"y":1.018,"curve":0.25,"c3":0.75},{"time":1,"x":1.1,"y":1.1,"curve":0.25,"c3":0.75},{"time":1.1667,"x":1.018,"y":1.018,"curve":0.25,"c3":0.75},{"time":2}]}}},"a3":{"slots":{"reel":{"attachment":[{"name":"reel"}]},"reel_b":{"attachment":[{"name":null},{"time":0.3333,"name":null}]}}}}}