{"skeleton":{"hash":"xH88V8+t/b/+Ivttg8yWIXZNGQ8","spine":"3.8.99","x":-79,"y":-79,"width":158,"height":158,"fps":60,"images":"./images/","audio":""},"bones":[{"name":"root"},{"name":"bone","parent":"root","length":134.85,"rotation":90,"y":-67.74}],"slots":[{"name":"plum_bossom","bone":"root"},{"name":"hongtao_a","bone":"bone","attachment":"hongtao_a"}],"skins":[{"name":"default","attachments":{"hongtao_a":{"hongtao_a":{"x":67.74,"rotation":-90,"width":158,"height":158}},"plum_bossom":{"hongtao":{"x":0.5,"y":0.5,"width":158,"height":178}}}}],"animations":{"a1":{"slots":{"plum_bossom":{"attachment":[{"time":0.3333,"name":null}]}}},"a2":{"bones":{"bone":{"translate":[{"curve":0.25,"c3":0.75},{"time":1,"y":6,"curve":0.25,"c3":0.75},{"time":2}],"scale":[{"time":0.5,"curve":0.25,"c3":0.75},{"time":0.6667,"x":1.12,"y":1.12,"curve":0.25,"c3":0.75},{"time":0.8333,"curve":"stepped"},{"time":1,"curve":0.25,"c3":0.75},{"time":1.1667,"x":1.12,"y":1.12,"curve":0.25,"c3":0.75},{"time":1.3333}]}}},"a3":{"slots":{"hongtao_a":{"attachment":[{"name":null},{"time":0.3333,"name":null}]},"plum_bossom":{"attachment":[{"name":"hongtao"}]}}}}}