{"skeleton":{"hash":"vhjdzwDuwggNEZvdT0GsgvUzoBs","spine":"3.8.99","x":-431.78,"y":-146.53,"width":863.56,"height":293.07,"fps":60,"images":"./images/","audio":""},"bones":[{"name":"root"},{"name":"jack","parent":"root","scaleX":1.7714,"scaleY":0.7045},{"name":"guang","parent":"root","y":11.43,"scaleX":2.6571,"scaleY":1.0345},{"name":"free_spin","parent":"root","x":2.68,"y":14.7}],"slots":[{"name":"guang","bone":"guang","attachment":"guang","blend":"additive"},{"name":"jackpot_guang","bone":"jack","attachment":"jackpot_guang","blend":"additive"},{"name":"free_spin","bone":"free_spin","attachment":"free_spin"}],"skins":[{"name":"default","attachments":{"free_spin":{"free_spin":{"y":-0.5,"width":707,"height":124}},"guang":{"guang":{"width":325,"height":184}},"jackpot_guang":{"jackpot_guang":{"width":415,"height":416}}}}],"animations":{"a1":{"slots":{"jackpot_guang":{"color":[{"color":"ffffff00","curve":0.25,"c3":0.75},{"time":0.1667,"color":"ffffffff"}]}},"bones":{"guang":{"scale":[{"x":0,"y":0,"curve":0.243,"c3":0.68,"c4":0.71},{"time":0.2667,"x":1.067,"y":1.067,"curve":0.351,"c2":0.42,"c3":0.686,"c4":0.76},{"time":0.3333,"x":0.933,"y":0.933,"curve":0.36,"c2":0.64,"c3":0.695},{"time":0.4}]},"free_spin":{"scale":[{"x":0,"y":0,"curve":0.243,"c3":0.649,"c4":0.6},{"time":0.3333,"x":1.1,"y":1.1,"curve":0.351,"c2":0.4,"c3":0.689,"c4":0.75},{"time":0.4167,"x":0.9,"y":0.9,"curve":0.371,"c2":0.62,"c3":0.71},{"time":0.5}]}}},"a2":{"slots":{"guang":{"color":[{"color":"ffffffff","curve":0.25,"c3":0.625,"c4":0.5},{"time":1,"color":"ffffff73","curve":0.375,"c2":0.5,"c3":0.75},{"time":2,"color":"ffffffff"}]},"jackpot_guang":{"color":[{"color":"ffffffff","curve":0.25,"c3":0.625,"c4":0.5},{"time":1,"color":"ffffff73","curve":0.375,"c2":0.5,"c3":0.75},{"time":2,"color":"ffffffff"}]}},"bones":{"free_spin":{"translate":[{"curve":0.25,"c3":0.75},{"time":1,"y":8,"curve":0.25,"c3":0.75},{"time":2}],"scale":[{"curve":0.25,"c3":0.75},{"time":1,"x":1.04,"y":1.04,"curve":0.25,"c3":0.75},{"time":2}]}}},"a3":{"slots":{"guang":{"color":[{"color":"ffffffff","curve":0.25,"c3":0.75},{"time":0.5,"color":"ffffff00"}]},"jackpot_guang":{"color":[{"color":"ffffffff","curve":0.25,"c3":0.75},{"time":0.5,"color":"ffffff00"}]}},"bones":{"free_spin":{"scale":[{"curve":0.25,"c3":0.75},{"time":0.0667,"x":1.1,"y":1.1,"curve":0.25,"c3":0.75},{"time":0.15,"x":0.9,"y":0.9,"curve":0.25,"c3":0.75},{"time":0.2333,"x":1.1,"y":1.1,"curve":0.25,"c3":0.75},{"time":0.5,"x":0,"y":0}]}}}}}