{"skeleton":{"hash":"WIeibk+hhj2iFV1eVQZ353cXulU","spine":"3.8.99","x":-431.54,"y":-241.97,"width":850,"height":512,"fps":60,"images":"./images/","audio":"D:/1334_魔法题材/1334最新文件-魔法题材"},"bones":[{"name":"magic_win"},{"name":"guang","parent":"magic_win","scaleX":2.5,"scaleY":2.5},{"name":"bg","parent":"magic_win","y":-66.23},{"name":"zi","parent":"magic_win","x":-12.48,"y":180.15},{"name":"zi2","parent":"magic_win","x":-12.48,"y":180.14}],"slots":[{"name":"big_win_guang","bone":"guang","blend":"additive"},{"name":"big_win_BG","bone":"bg","attachment":"big_win_BG"},{"name":"big_win_zi","bone":"zi","attachment":"jackpot_zi"},{"name":"big_win_zi2","bone":"zi2","color":"ffffff00","attachment":"big_win_zi","blend":"additive"}],"skins":[{"name":"default","attachments":{"big_win_BG":{"big_win_BG":{"x":-6.54,"y":80.26,"width":850,"height":512}},"big_win_guang":{"big_win_guang":{"width":415,"height":416},"jackpot_guang":{"width":415,"height":416},"mega_win_guang":{"width":415,"height":416},"you_win_guang":{"width":415,"height":416}},"big_win_zi":{"big_win_zi":{"y":17.33,"width":396,"height":82},"jackpot_zi":{"y":17.33,"width":487,"height":89},"mega_win_zi":{"y":17.33,"width":508,"height":82},"super_win_zi":{"y":17.33,"width":563,"height":82},"you_win_zi":{"y":17.33,"width":424,"height":83}},"big_win_zi2":{"big_win_zi":{"y":17.33,"width":396,"height":82},"jackpot_zi":{"y":17.33,"width":487,"height":89},"mega_win_zi":{"y":17.33,"width":508,"height":82},"super_win_zi":{"y":17.33,"width":563,"height":82},"you_win_zi":{"y":17.33,"width":424,"height":83}}}}],"animations":{"a1":{"slots":{"big_win_guang":{"color":[{"color":"ffffff00","curve":0.243,"c3":0.649,"c4":0.6},{"time":0.3333,"color":"ffffffff"}],"attachment":[{"name":"jackpot_guang"}]},"big_win_zi2":{"attachment":[{"name":null}]}},"bones":{"zi":{"translate":[{"y":551.26,"curve":0.25,"c3":0.75},{"time":0.3333,"y":-16.67,"curve":0.25,"c3":0.625,"c4":0.5},{"time":0.4167,"y":27.56,"curve":0.375,"c2":0.5,"c3":0.75},{"time":0.5}],"scale":[{"x":0.5,"y":0.5,"curve":0.25,"c3":0.75},{"time":0.5}]},"bg":{"scale":[{"x":0,"y":0,"curve":0.243,"c3":0.649,"c4":0.6},{"time":0.3333,"x":1.1,"y":1.1,"curve":0.351,"c2":0.4,"c3":0.689,"c4":0.75},{"time":0.4167,"x":0.9,"y":0.9,"curve":0.371,"c2":0.62,"c3":0.71},{"time":0.5}]},"zi2":{"translate":[{"y":551.26,"curve":0.25,"c3":0.75},{"time":0.3333,"y":-16.67,"curve":0.25,"c3":0.625,"c4":0.5},{"time":0.4167,"y":27.56,"curve":0.375,"c2":0.5,"c3":0.75},{"time":0.5}],"scale":[{"x":0.5,"y":0.5,"curve":0.25,"c3":0.75},{"time":0.5}]}}},"a2":{"slots":{"big_win_guang":{"attachment":[{"name":"jackpot_guang"}]},"big_win_zi2":{"color":[{"time":0.1667,"color":"ffffff00","curve":0.25,"c3":0.75},{"time":0.4167,"color":"ffffffff","curve":0.25,"c3":0.75},{"time":0.6667,"color":"ffffff00"}],"attachment":[{"name":"jackpot_zi"}]}},"bones":{"guang":{"scale":[{"curve":0.25,"c3":0.625,"c4":0.5},{"time":1,"x":0.8,"y":0.8,"curve":0.375,"c2":0.5,"c3":0.75},{"time":2}]},"zi":{"translate":[{"curve":0.25,"c3":0.75},{"time":0.5,"y":8,"curve":0.25,"c3":0.75},{"time":1,"curve":0.25,"c3":0.75},{"time":1.5,"y":8,"curve":0.25,"c3":0.75},{"time":2}]},"zi2":{"translate":[{"curve":0.25,"c3":0.75},{"time":0.5,"y":8,"curve":0.25,"c3":0.75},{"time":1,"curve":0.25,"c3":0.75},{"time":1.5,"y":8,"curve":0.25,"c3":0.75},{"time":2}],"scale":[{"time":0.1667,"curve":0.25,"c3":0.75},{"time":0.6667,"x":1.5,"y":1.5,"curve":0.25,"c3":0.75},{"time":1.3333,"curve":0.25,"c3":0.75},{"time":1.8333,"x":1.5,"y":1.5}]}}},"a3":{"slots":{"big_win_guang":{"color":[{"color":"ffffffff","curve":0.25,"c3":0.75},{"time":0.5,"color":"ffffff00"}],"attachment":[{"name":"jackpot_guang"}]},"big_win_zi2":{"attachment":[{"name":null}]}},"bones":{"zi":{"translate":[{"curve":0.25,"c3":0.75},{"time":0.1667,"y":-16.67,"curve":0.25,"c3":0.625,"c4":0.5},{"time":0.5,"y":-65.62}],"scale":[{"curve":0.25,"c3":0.75},{"time":0.1667,"x":1.1,"y":1.1,"curve":0.25,"c3":0.75},{"time":0.5,"x":0,"y":0}]},"bg":{"scale":[{"curve":0.278,"c3":0.622,"c4":0.39},{"time":0.1167,"x":1.1,"y":1.1,"curve":0.329,"c2":0.32,"c3":0.758},{"time":0.5,"x":0,"y":0}]},"zi2":{"translate":[{"y":551.26,"curve":0.25,"c3":0.75},{"time":0.3333,"y":-16.67,"curve":0.25,"c3":0.625,"c4":0.5},{"time":0.4167,"y":27.56,"curve":0.375,"c2":0.5,"c3":0.75},{"time":0.5}],"scale":[{"x":0.5,"y":0.5,"curve":0.25,"c3":0.75},{"time":0.5}]}}},"a4":{"slots":{"big_win_guang":{"color":[{"color":"ffffff00","curve":0.243,"c3":0.649,"c4":0.6},{"time":0.3333,"color":"ffffffff"}],"attachment":[{"name":"you_win_guang"}]},"big_win_zi":{"attachment":[{"name":"you_win_zi"}]},"big_win_zi2":{"attachment":[{"name":null}]}},"bones":{"zi":{"translate":[{"y":551.26,"curve":0.25,"c3":0.75},{"time":0.3333,"y":-16.67,"curve":0.25,"c3":0.625,"c4":0.5},{"time":0.4167,"y":27.56,"curve":0.375,"c2":0.5,"c3":0.75},{"time":0.5}],"scale":[{"x":0.5,"y":0.5,"curve":0.25,"c3":0.75},{"time":0.5}]},"bg":{"scale":[{"x":0,"y":0,"curve":0.243,"c3":0.649,"c4":0.6},{"time":0.3333,"x":1.1,"y":1.1,"curve":0.351,"c2":0.4,"c3":0.689,"c4":0.75},{"time":0.4167,"x":0.9,"y":0.9,"curve":0.371,"c2":0.62,"c3":0.71},{"time":0.5}]},"zi2":{"translate":[{"y":551.26,"curve":0.25,"c3":0.75},{"time":0.3333,"y":-16.67,"curve":0.25,"c3":0.625,"c4":0.5},{"time":0.4167,"y":27.56,"curve":0.375,"c2":0.5,"c3":0.75},{"time":0.5}],"scale":[{"x":0.5,"y":0.5,"curve":0.25,"c3":0.75},{"time":0.5}]}}},"a5":{"slots":{"big_win_guang":{"color":[{"color":"ffffffff","curve":0.25,"c3":0.625,"c4":0.5},{"time":1,"color":"ffffffab","curve":0.375,"c2":0.5,"c3":0.75},{"time":2,"color":"ffffffff"}],"attachment":[{"name":"you_win_guang"}]},"big_win_zi":{"attachment":[{"name":"you_win_zi"}]},"big_win_zi2":{"color":[{"time":0.1667,"color":"ffffff00","curve":0.25,"c3":0.75},{"time":0.4167,"color":"ffffffff","curve":0.25,"c3":0.75},{"time":0.6667,"color":"ffffff00"}],"attachment":[{"name":"you_win_zi"}]}},"bones":{"guang":{"scale":[{"curve":0.25,"c3":0.625,"c4":0.5},{"time":1,"x":0.8,"y":0.8,"curve":0.375,"c2":0.5,"c3":0.75},{"time":2}]},"zi":{"translate":[{"curve":0.25,"c3":0.75},{"time":0.5,"y":8,"curve":0.25,"c3":0.75},{"time":1,"curve":0.25,"c3":0.75},{"time":1.5,"y":8,"curve":0.25,"c3":0.75},{"time":2}]},"zi2":{"translate":[{"curve":0.25,"c3":0.75},{"time":0.5,"y":8,"curve":0.25,"c3":0.75},{"time":1,"curve":0.25,"c3":0.75},{"time":1.5,"y":8,"curve":0.25,"c3":0.75},{"time":2}],"scale":[{"time":0.1667,"curve":0.25,"c3":0.75},{"time":0.6667,"x":1.5,"y":1.5,"curve":0.25,"c3":0.75},{"time":1.3333,"curve":0.25,"c3":0.75},{"time":1.8333,"x":1.5,"y":1.5}]}}},"a6":{"slots":{"big_win_guang":{"color":[{"color":"ffffffff","curve":0.25,"c3":0.75},{"time":0.5,"color":"ffffff00"}],"attachment":[{"name":"you_win_guang"}]},"big_win_zi":{"attachment":[{"name":"you_win_zi"}]},"big_win_zi2":{"attachment":[{"name":null}]}},"bones":{"zi":{"translate":[{"curve":0.25,"c3":0.75},{"time":0.1667,"y":-16.67,"curve":0.25,"c3":0.625,"c4":0.5},{"time":0.5,"y":-65.62}],"scale":[{"curve":0.25,"c3":0.75},{"time":0.1667,"x":1.1,"y":1.1,"curve":0.25,"c3":0.75},{"time":0.5,"x":0,"y":0}]},"bg":{"scale":[{"curve":0.278,"c3":0.622,"c4":0.39},{"time":0.1167,"x":1.1,"y":1.1,"curve":0.329,"c2":0.32,"c3":0.758},{"time":0.5,"x":0,"y":0}]},"zi2":{"translate":[{"y":551.26,"curve":0.25,"c3":0.75},{"time":0.3333,"y":-16.67,"curve":0.25,"c3":0.625,"c4":0.5},{"time":0.4167,"y":27.56,"curve":0.375,"c2":0.5,"c3":0.75},{"time":0.5}],"scale":[{"x":0.5,"y":0.5,"curve":0.25,"c3":0.75},{"time":0.5}]}}},"a7":{"slots":{"big_win_guang":{"color":[{"color":"ffffff00","curve":0.243,"c3":0.649,"c4":0.6},{"time":0.3333,"color":"ffffffff"}],"attachment":[{"name":"big_win_guang"}]},"big_win_zi":{"attachment":[{"name":"big_win_zi"}]},"big_win_zi2":{"attachment":[{"name":null}]}},"bones":{"zi":{"translate":[{"y":551.26,"curve":0.25,"c3":0.75},{"time":0.3333,"y":-16.67,"curve":0.25,"c3":0.625,"c4":0.5},{"time":0.4167,"y":27.56,"curve":0.375,"c2":0.5,"c3":0.75},{"time":0.5}],"scale":[{"x":0.5,"y":0.5,"curve":0.25,"c3":0.75},{"time":0.5}]},"bg":{"scale":[{"x":0,"y":0,"curve":0.243,"c3":0.649,"c4":0.6},{"time":0.3333,"x":1.1,"y":1.1,"curve":0.351,"c2":0.4,"c3":0.689,"c4":0.75},{"time":0.4167,"x":0.9,"y":0.9,"curve":0.371,"c2":0.62,"c3":0.71},{"time":0.5}]},"zi2":{"translate":[{"y":551.26,"curve":0.25,"c3":0.75},{"time":0.3333,"y":-16.67,"curve":0.25,"c3":0.625,"c4":0.5},{"time":0.4167,"y":27.56,"curve":0.375,"c2":0.5,"c3":0.75},{"time":0.5}],"scale":[{"x":0.5,"y":0.5,"curve":0.25,"c3":0.75},{"time":0.5}]}}},"a8":{"slots":{"big_win_guang":{"color":[{"color":"ffffffff","curve":0.25,"c3":0.625,"c4":0.5},{"time":1,"color":"ffffffab","curve":0.375,"c2":0.5,"c3":0.75},{"time":2,"color":"ffffffff"}],"attachment":[{"name":"big_win_guang"}]},"big_win_zi":{"attachment":[{"name":"big_win_zi"}]},"big_win_zi2":{"color":[{"time":0.1667,"color":"ffffff00","curve":0.25,"c3":0.75},{"time":0.4167,"color":"ffffffff","curve":0.25,"c3":0.75},{"time":0.6667,"color":"ffffff00"}]}},"bones":{"guang":{"scale":[{"curve":0.25,"c3":0.625,"c4":0.5},{"time":1,"x":0.8,"y":0.8,"curve":0.375,"c2":0.5,"c3":0.75},{"time":2}]},"zi":{"translate":[{"curve":0.25,"c3":0.75},{"time":0.5,"y":8,"curve":0.25,"c3":0.75},{"time":1,"curve":0.25,"c3":0.75},{"time":1.5,"y":8,"curve":0.25,"c3":0.75},{"time":2}]},"zi2":{"translate":[{"curve":0.25,"c3":0.75},{"time":0.5,"y":8,"curve":0.25,"c3":0.75},{"time":1,"curve":0.25,"c3":0.75},{"time":1.5,"y":8,"curve":0.25,"c3":0.75},{"time":2}],"scale":[{"time":0.1667,"curve":0.25,"c3":0.75},{"time":0.6667,"x":1.5,"y":1.5,"curve":0.25,"c3":0.75},{"time":1.3333,"curve":0.25,"c3":0.75},{"time":1.8333,"x":1.5,"y":1.5}]}}},"a9":{"slots":{"big_win_guang":{"color":[{"color":"ffffffff","curve":0.25,"c3":0.75},{"time":0.5,"color":"ffffff00"}],"attachment":[{"name":"big_win_guang"}]},"big_win_zi":{"attachment":[{"name":"big_win_zi"}]},"big_win_zi2":{"attachment":[{"name":null}]}},"bones":{"zi":{"translate":[{"curve":0.25,"c3":0.75},{"time":0.1667,"y":-16.67,"curve":0.25,"c3":0.625,"c4":0.5},{"time":0.5,"y":-65.62}],"scale":[{"curve":0.25,"c3":0.75},{"time":0.1667,"x":1.1,"y":1.1,"curve":0.25,"c3":0.75},{"time":0.5,"x":0,"y":0}]},"bg":{"scale":[{"curve":0.278,"c3":0.622,"c4":0.39},{"time":0.1167,"x":1.1,"y":1.1,"curve":0.329,"c2":0.32,"c3":0.758},{"time":0.5,"x":0,"y":0}]},"zi2":{"translate":[{"y":551.26,"curve":0.25,"c3":0.75},{"time":0.3333,"y":-16.67,"curve":0.25,"c3":0.625,"c4":0.5},{"time":0.4167,"y":27.56,"curve":0.375,"c2":0.5,"c3":0.75},{"time":0.5}],"scale":[{"x":0.5,"y":0.5,"curve":0.25,"c3":0.75},{"time":0.5}]}}},"a10":{"slots":{"big_win_guang":{"color":[{"color":"ffffff00","curve":0.243,"c3":0.649,"c4":0.6},{"time":0.3333,"color":"ffffffff"}],"attachment":[{"name":"mega_win_guang"}]},"big_win_zi":{"attachment":[{"name":"mega_win_zi"}]},"big_win_zi2":{"attachment":[{"name":null}]}},"bones":{"zi":{"translate":[{"y":551.26,"curve":0.25,"c3":0.75},{"time":0.3333,"y":-16.67,"curve":0.25,"c3":0.625,"c4":0.5},{"time":0.4167,"y":27.56,"curve":0.375,"c2":0.5,"c3":0.75},{"time":0.5}],"scale":[{"x":0.5,"y":0.5,"curve":0.25,"c3":0.75},{"time":0.5}]},"bg":{"scale":[{"x":0,"y":0,"curve":0.243,"c3":0.649,"c4":0.6},{"time":0.3333,"x":1.1,"y":1.1,"curve":0.351,"c2":0.4,"c3":0.689,"c4":0.75},{"time":0.4167,"x":0.9,"y":0.9,"curve":0.371,"c2":0.62,"c3":0.71},{"time":0.5}]},"zi2":{"translate":[{"y":551.26,"curve":0.25,"c3":0.75},{"time":0.3333,"y":-16.67,"curve":0.25,"c3":0.625,"c4":0.5},{"time":0.4167,"y":27.56,"curve":0.375,"c2":0.5,"c3":0.75},{"time":0.5}],"scale":[{"x":0.5,"y":0.5,"curve":0.25,"c3":0.75},{"time":0.5}]}}},"a11":{"slots":{"big_win_guang":{"color":[{"color":"ffffffff","curve":0.25,"c3":0.625,"c4":0.5},{"time":1,"color":"ffffffab","curve":0.375,"c2":0.5,"c3":0.75},{"time":2,"color":"ffffffff"}],"attachment":[{"name":"mega_win_guang"}]},"big_win_zi":{"attachment":[{"name":"mega_win_zi"}]},"big_win_zi2":{"color":[{"time":0.1667,"color":"ffffff00","curve":0.25,"c3":0.75},{"time":0.4167,"color":"ffffffff","curve":0.25,"c3":0.75},{"time":0.6667,"color":"ffffff00"}],"attachment":[{"name":"mega_win_zi"}]}},"bones":{"guang":{"scale":[{"curve":0.25,"c3":0.625,"c4":0.5},{"time":1,"x":0.8,"y":0.8,"curve":0.375,"c2":0.5,"c3":0.75},{"time":2}]},"zi":{"translate":[{"curve":0.25,"c3":0.75},{"time":0.5,"y":8,"curve":0.25,"c3":0.75},{"time":1,"curve":0.25,"c3":0.75},{"time":1.5,"y":8,"curve":0.25,"c3":0.75},{"time":2}]},"zi2":{"translate":[{"curve":0.25,"c3":0.75},{"time":0.5,"y":8,"curve":0.25,"c3":0.75},{"time":1,"curve":0.25,"c3":0.75},{"time":1.5,"y":8,"curve":0.25,"c3":0.75},{"time":2}],"scale":[{"time":0.1667,"curve":0.25,"c3":0.75},{"time":0.6667,"x":1.5,"y":1.5,"curve":0.25,"c3":0.75},{"time":1.3333,"curve":0.25,"c3":0.75},{"time":1.8333,"x":1.5,"y":1.5}]}}},"a12":{"slots":{"big_win_guang":{"color":[{"color":"ffffffff","curve":0.25,"c3":0.75},{"time":0.5,"color":"ffffff00"}],"attachment":[{"name":"mega_win_guang"}]},"big_win_zi":{"attachment":[{"name":"mega_win_zi"}]},"big_win_zi2":{"attachment":[{"name":null}]}},"bones":{"zi":{"translate":[{"curve":0.25,"c3":0.75},{"time":0.1667,"y":-16.67,"curve":0.25,"c3":0.625,"c4":0.5},{"time":0.5,"y":-65.62}],"scale":[{"curve":0.25,"c3":0.75},{"time":0.1667,"x":1.1,"y":1.1,"curve":0.25,"c3":0.75},{"time":0.5,"x":0,"y":0}]},"bg":{"scale":[{"curve":0.278,"c3":0.622,"c4":0.39},{"time":0.1167,"x":1.1,"y":1.1,"curve":0.329,"c2":0.32,"c3":0.758},{"time":0.5,"x":0,"y":0}]},"zi2":{"translate":[{"y":551.26,"curve":0.25,"c3":0.75},{"time":0.3333,"y":-16.67,"curve":0.25,"c3":0.625,"c4":0.5},{"time":0.4167,"y":27.56,"curve":0.375,"c2":0.5,"c3":0.75},{"time":0.5}],"scale":[{"x":0.5,"y":0.5,"curve":0.25,"c3":0.75},{"time":0.5}]}}},"a13":{"slots":{"big_win_guang":{"color":[{"color":"ffffff00","curve":0.243,"c3":0.649,"c4":0.6},{"time":0.3333,"color":"ffffffff"}],"attachment":[{"name":"you_win_guang"}]},"big_win_zi":{"attachment":[{"name":"super_win_zi"}]},"big_win_zi2":{"attachment":[{"name":null}]}},"bones":{"zi":{"translate":[{"y":551.26,"curve":0.25,"c3":0.75},{"time":0.3333,"y":-16.67,"curve":0.25,"c3":0.625,"c4":0.5},{"time":0.4167,"y":27.56,"curve":0.375,"c2":0.5,"c3":0.75},{"time":0.5}],"scale":[{"x":0.5,"y":0.5,"curve":0.25,"c3":0.75},{"time":0.5}]},"bg":{"scale":[{"x":0,"y":0,"curve":0.243,"c3":0.649,"c4":0.6},{"time":0.3333,"x":1.1,"y":1.1,"curve":0.351,"c2":0.4,"c3":0.689,"c4":0.75},{"time":0.4167,"x":0.9,"y":0.9,"curve":0.371,"c2":0.62,"c3":0.71},{"time":0.5}]},"zi2":{"translate":[{"y":551.26,"curve":0.25,"c3":0.75},{"time":0.3333,"y":-16.67,"curve":0.25,"c3":0.625,"c4":0.5},{"time":0.4167,"y":27.56,"curve":0.375,"c2":0.5,"c3":0.75},{"time":0.5}],"scale":[{"x":0.5,"y":0.5,"curve":0.25,"c3":0.75},{"time":0.5}]}}},"a14":{"slots":{"big_win_guang":{"color":[{"color":"ffffffff","curve":0.25,"c3":0.625,"c4":0.5},{"time":1,"color":"ffffffab","curve":0.375,"c2":0.5,"c3":0.75},{"time":2,"color":"ffffffff"}],"attachment":[{"name":"you_win_guang"}]},"big_win_zi":{"attachment":[{"name":"super_win_zi"}]},"big_win_zi2":{"color":[{"time":0.1667,"color":"ffffff00","curve":0.25,"c3":0.75},{"time":0.4167,"color":"ffffffff","curve":0.25,"c3":0.75},{"time":0.6667,"color":"ffffff00"}],"attachment":[{"name":"super_win_zi"}]}},"bones":{"guang":{"scale":[{"curve":0.25,"c3":0.625,"c4":0.5},{"time":1,"x":0.8,"y":0.8,"curve":0.375,"c2":0.5,"c3":0.75},{"time":2}]},"zi":{"translate":[{"curve":0.25,"c3":0.75},{"time":0.5,"y":8,"curve":0.25,"c3":0.75},{"time":1,"curve":0.25,"c3":0.75},{"time":1.5,"y":8,"curve":0.25,"c3":0.75},{"time":2}]},"zi2":{"translate":[{"curve":0.25,"c3":0.75},{"time":0.5,"y":8,"curve":0.25,"c3":0.75},{"time":1,"curve":0.25,"c3":0.75},{"time":1.5,"y":8,"curve":0.25,"c3":0.75},{"time":2}],"scale":[{"time":0.1667,"curve":0.25,"c3":0.75},{"time":0.6667,"x":1.5,"y":1.5,"curve":0.25,"c3":0.75},{"time":1.3333,"curve":0.25,"c3":0.75},{"time":1.8333,"x":1.5,"y":1.5}]}}},"a15":{"slots":{"big_win_guang":{"color":[{"color":"ffffffff","curve":0.25,"c3":0.75},{"time":0.5,"color":"ffffff00"}],"attachment":[{"name":"you_win_guang"}]},"big_win_zi":{"attachment":[{"name":"super_win_zi"}]},"big_win_zi2":{"attachment":[{"name":null}]}},"bones":{"zi":{"translate":[{"curve":0.25,"c3":0.75},{"time":0.1667,"y":-16.67,"curve":0.25,"c3":0.625,"c4":0.5},{"time":0.5,"y":-65.62}],"scale":[{"curve":0.25,"c3":0.75},{"time":0.1667,"x":1.1,"y":1.1,"curve":0.25,"c3":0.75},{"time":0.5,"x":0,"y":0}]},"bg":{"scale":[{"curve":0.278,"c3":0.622,"c4":0.39},{"time":0.1167,"x":1.1,"y":1.1,"curve":0.329,"c2":0.32,"c3":0.758},{"time":0.5,"x":0,"y":0}]},"zi2":{"translate":[{"y":551.26,"curve":0.25,"c3":0.75},{"time":0.3333,"y":-16.67,"curve":0.25,"c3":0.625,"c4":0.5},{"time":0.4167,"y":27.56,"curve":0.375,"c2":0.5,"c3":0.75},{"time":0.5}],"scale":[{"x":0.5,"y":0.5,"curve":0.25,"c3":0.75},{"time":0.5}]}}}}}